{"cameraMode":{"drawMode":0,"name":"Shaded","section":"Shading Mode"},"sceneLighting":true,"audioPlay":false,"sceneViewState":{"showFog":false,"showMaterialUpdate":false,"showSkybox":false,"showFlares":false,"showImageEffects":false,"showParticleSystems":true},"in2DMode":false,"pivot":{"x":-1.584967017173767,"y":-29.343997955322267,"z":84.74015808105469},"rotation":{"x":0.032684341073036197,"y":0.0005971063510514796,"z":0.000016407346265623346,"w":-0.9994655251502991},"size":18.657812118530275,"orthographic":false}